Workbook

Sheet Kim 3.1
A1: ID | B1: Objetivo | C1: Categoria | D1: Elementos | E1: Dificultad | F1: Código de tema | G1: N° de elementos
A2: KG_31_01 | B2: 3.1 | C2: 3.1.1 Elementos de una sucesión | D2: término general; primer término; índice n; término n-ésimo; sucesión finita; sucesión infinita | E2: 1 | F2: =LEFT(C2,5) -> 3.1.1 | G2: =LEN(D2)-LEN(SUBSTITUTE(D2,";",""))+1 -> 6
A3: KG_31_02 | B3: 3.1 | C3: 3.1.1 Tipos de sucesiones | D3: creciente; decreciente; constante; acotada; alternada; progresión aritmética; progresión geométrica | E3: 2 | F3: =LEFT(C3,5) -> 3.1.1 | G3: =LEN(D3)-LEN(SUBSTITUTE(D3,";",""))+1 -> 7
A4: KG_31_03 | B4: 3.1 | C4: 3.1.2 Vocabulario de aproximación | D4: valor exacto; valor aproximado; error absoluto; error relativo; truncamiento; redondeo; cifras significativas | E4: 1 | F4: =LEFT(C4,5) -> 3.1.2 | G4: =LEN(D4)-LEN(SUBSTITUTE(D4,";",""))+1 -> 7
A5: KG_31_04 | B5: 3.1 | C5: 3.1.2 Cómo aproximar con un error permitido | D5: fijar la tolerancia; escoger un método; calcular términos sucesivos; comparar con el término anterior; detenerse cuando el error es menor que la tolerancia | E5: 2 | F5: =LEFT(C5,5) -> 3.1.2 | G5: =LEN(D5)-LEN(SUBSTITUTE(D5,";",""))+1 -> 5
A6: KG_31_05 | B6: 3.1 | C6: 3.1.3 Elementos del polígono inscrito | D6: circunferencia; polígono regular; vértices sobre la circunferencia; lado; apotema; radio; número de lados | E6: 1 | F6: =LEFT(C6,5) -> 3.1.3 | G6: =LEN(D6)-LEN(SUBSTITUTE(D6,";",""))+1 -> 7
A7: KG_31_06 | B7: 3.1 | C7: 3.1.3 Idea de Arquímedes para el círculo | D7: inscribir un polígono regular; duplicar el número de lados; calcular el área del polígono; el área se acerca a la del círculo; el área del polígono nunca supera la del círculo; en el límite el área es πr² | E7: 2 | F7: =LEFT(C7,5) -> 3.1.3 | G7: =LEN(D7)-LEN(SUBSTITUTE(D7,";",""))+1 -> 6
A8: KG_31_07 | B8: 3.1 | C8: 3.1.4 Elementos de una fórmula de recurrencia | D8: valor inicial; fórmula de recurrencia; término anterior; término siguiente; iteración; aproximación | E8: 1 | F8: =LEFT(C8,5) -> 3.1.4 | G8: =LEN(D8)-LEN(SUBSTITUTE(D8,";",""))+1 -> 6
A9: KG_31_08 | B9: 3.1 | C9: 3.1.4 Aproximar un número por recurrencia | D9: elegir un valor inicial; aplicar la fórmula; calcular el siguiente término; repetir el proceso; comparar términos consecutivos; detenerse cuando la diferencia es pequeña | E9: 2 | F9: =LEFT(C9,5) -> 3.1.4 | G9: =LEN(D9)-LEN(SUBSTITUTE(D9,";",""))+1 -> 6
A10: KG_31_09 | B10: 3.1 | C10: 3.1.5 Idea intuitiva del límite de una sucesión | D10: los términos se acercan; valor límite; n tiende a infinito; sucesión convergente; sucesión divergente; puede no alcanzar el valor | E10: 1 | F10: =LEFT(C10,5) -> 3.1.5 | G10: =LEN(D10)-LEN(SUBSTITUTE(D10,";",""))+1 -> 6
A11: KG_31_10 | B11: 3.1 | C11: 3.1.5 Convergencia y divergencia | D11: converge a un número; diverge a más infinito; diverge a menos infinito; oscila sin límite; el límite es único | E11: 2 | F11: =LEFT(C11,5) -> 3.1.5 | G11: =LEN(D11)-LEN(SUBSTITUTE(D11,";",""))+1 -> 5
A12: KG_31_11 | B12: 3.1 | C12: 3.1.6 Lectura gráfica de una sucesión | D12: puntos aislados; eje n; eje aₙ; recta horizontal; los puntos se acercan a la recta y = L; el valor L está en el eje vertical | E12: 1 | F12: =LEFT(C12,5) -> 3.1.6 | G12: =LEN(D12)-LEN(SUBSTITUTE(D12,";",""))+1 -> 6
A13: KG_31_12 | B13: 3.1 | C13: 3.1.6 Qué se ve cuando no hay límite | D13: los puntos crecen sin parar; los puntos decrecen sin parar; los puntos saltan entre dos zonas; no hay recta horizontal a la que se acerquen | E13: 2 | F13: =LEFT(C13,5) -> 3.1.6 | G13: =LEN(D13)-LEN(SUBSTITUTE(D13,";",""))+1 -> 4
... A19: KG_31_18 | B19: 3.1 | C19: 3.1.8 Aplicaciones de las sucesiones | D19: interés compuesto; crecimiento de una población; desintegración radiactiva; depreciación de un bien; aproximación de π; razón áurea con Fibonacci | E19: 2 | F19: =LEFT(C19,5) -> 3.1.8 | G19: =LEN(D19)-LEN(SUBSTITUTE(D19,";",""))+1 -> 6

Sheet Resumen por tema
A1: Sets de Kim Game del objetivo 3.1 (Sucesiones) - MateUNA Mate I
A3: Código | B3: Tema | C3: N° de sets | D3: Dificultad promedio | E3: Total de elementos
A4: 3.1.1 | B4: Sucesiones | C4: =COUNTIF('Kim 3.1'!$F$2:$F$19,A4) -> 2 | D4: =IFERROR(AVERAGEIF('Kim 3.1'!$F$2:$F$19,A4,'Kim 3.1'!$E$2:$E$19),0) -> 1.5 | E4: =SUMIF('Kim 3.1'!$F$2:$F$19,A4,'Kim 3.1'!$G$2:$G$19) -> 13
A5: 3.1.2 | B5: Aproximaciones | C5: =COUNTIF('Kim 3.1'!$F$2:$F$19,A5) -> 2 | D5: =IFERROR(AVERAGEIF('Kim 3.1'!$F$2:$F$19,A5,'Kim 3.1'!$E$2:$E$19),0) -> 1.5 | E5: =SUMIF('Kim 3.1'!$F$2:$F$19,A5,'Kim 3.1'!$G$2:$G$19) -> 12
A6: 3.1.3 | B6: Aproximación del área del círculo por polígonos inscritos | C6: =COUNTIF('Kim 3.1'!$F$2:$F$19,A6) -> 2 | D6: =IFERROR(AVERAGEIF('Kim 3.1'!$F$2:$F$19,A6,'Kim 3.1'!$E$2:$E$19),0) -> 1.5 | E6: =SUMIF('Kim 3.1'!$F$2:$F$19,A6,'Kim 3.1'!$G$2:$G$19) -> 13
A7: 3.1.4 | B7: Aproximación de números por fórmulas de recurrencia | C7: =COUNTIF('Kim 3.1'!$F$2:$F$19,A7) -> 2 | D7: =IFERROR(AVERAGEIF('Kim 3.1'!$F$2:$F$19,A7,'Kim 3.1'!$E$2:$E$19),0) -> 1.5 | E7: =SUMIF('Kim 3.1'!$F$2:$F$19,A7,'Kim 3.1'!$G$2:$G$19) -> 12
A8: 3.1.5 | B8: Idea intuitiva de límites de sucesiones | C8: =COUNTIF('Kim 3.1'!$F$2:$F$19,A8) -> 2 | D8: =IFERROR(AVERAGEIF('Kim 3.1'!$F$2:$F$19,A8,'Kim 3.1'!$E$2:$E$19),0) -> 1.5 | E8: =SUMIF('Kim 3.1'!$F$2:$F$19,A8,'Kim 3.1'!$G$2:$G$19) -> 11
A9: 3.1.6 | B9: Interpretación gráfica del límite de una sucesión | C9: =COUNTIF('Kim 3.1'!$F$2:$F$19,A9) -> 2 | D9: =IFERROR(AVERAGEIF('Kim 3.1'!$F$2:$F$19,A9,'Kim 3.1'!$E$2:$E$19),0) -> 1.5 | E9: =SUMIF('Kim 3.1'!$F$2:$F$19,A9,'Kim 3.1'!$G$2:$G$19) -> 10
A10: 3.1.7 | B10: Cálculo de límites de sucesiones | C10: =COUNTIF('Kim 3.1'!$F$2:$F$19,A10) -> 4 | D10: =IFERROR(AVERAGEIF('Kim 3.1'!$F$2:$F$19,A10,'Kim 3.1'!$E$2:$E$19),0) -> 2 | E10: =SUMIF('Kim 3.1'!$F$2:$F$19,A10,'Kim 3.1'!$G$2:$G$19) -> 21
A11: 3.1.8 | B11: Aplicaciones de algunas sucesiones importantes | C11: =COUNTIF('Kim 3.1'!$F$2:$F$19,A11) -> 2 | D11: =IFERROR(AVERAGEIF('Kim 3.1'!$F$2:$F$19,A11,'Kim 3.1'!$E$2:$E$19),0) -> 2 | E11: =SUMIF('Kim 3.1'!$F$2:$F$19,A11,'Kim 3.1'!$G$2:$G$19) -> 12
A12: Total | C12: =SUM(C4:C11) -> 18 | D12: =AVERAGE('Kim 3.1'!$E$2:$E$19) -> 1.6666667 | E12: =SUM(E4:E11) -> 104
A14: Notas
A15: • Las columnas A a E de la pestaña 'Kim 3.1' tienen el mismo formato que la pestaña Kim de la hoja MateUNO. Estos 18 sets ya están agregados allí (filas 7 a 24).
A16: • Las columnas F y G son de apoyo y no existen en MateUNO: F toma el código de tema desde la categoría y G cuenta los elementos (separados por ';').
A17: • Dificultad: 1 = vocabulario, 2 = procedimientos, 3 = técnicas avanzadas (límites con raíces). Es un criterio mío y se puede ajustar.
A18: • El contenido se armó a partir del título de cada tema, no del libro de la materia. Conviene revisar los elementos de 3.1.4 y 3.1.8 contra el texto oficial.
A19: • Los elementos no llevan comas: el juego usa comas para separar lo que escribe el estudiante.
